1,1,1,1,2,57,19,6,46,36,0.695121951,0.231707317,0.073170732,0.56097561
2,1,1,2,3,59,10,13,24,58,0.719512195,0.12195122,0.158536585,0.292682927
3,1,1,3,3,37,28,17,20,62,0.451219512,0.341463415,0.207317073,0.243902439
4,1,1,4,3,41,11,30,29,53,0.5,0.134146341,0.365853659,0.353658537
5,1,1,5,3,42,6,34,25,57,0.512195122,0.073170732,0.414634146,0.304878049
6,1,1,6,3,69,8,4,28,53,0.851851852,0.098765432,0.049382716,0.345679012
7,1,1,7,3,55,12,15,22,60,0.670731707,0.146341463,0.182926829,0.268292683
8,1,1,8,3,33,37,12,37,45,0.402439024,0.451219512,0.146341463,0.451219512
9,1,1,9,1,65,9,8,46,36,0.792682927,0.109756098,0.097560976,0.56097561
10,1,1,10,3,59,13,10,26,56,0.719512195,0.158536585,0.12195122,0.317073171
11,1,1,11,2,44,17,21,44,38,0.536585366,0.207317073,0.256097561,0.536585366
12,1,1,12,1,73,4,5,49,33,0.890243902,0.048780488,0.06097561,0.597560976
13,1,1,13,3,59,15,8,18,64,0.719512195,0.182926829,0.097560976,0.219512195
14,1,1,14,1,67,4,11,39,43,0.817073171,0.048780488,0.134146341,0.475609756
15,1,1,15,3,58,13,11,38,44,0.707317073,0.158536585,0.134146341,0.463414634
16,1,1,16,1,74,4,4,46,36,0.902439024,0.048780488,0.048780488,0.56097561
17,1,2,1,3,9,48,25,42,40,0.109756098,0.585365854,0.304878049,0.512195122
18,1,2,2,3,6,52,24,39,43,0.073170732,0.634146341,0.292682927,0.475609756
19,1,2,3,1,54,21,7,37,45,0.658536585,0.256097561,0.085365854,0.451219512
20,1,2,4,3,12,45,25,28,54,0.146341463,0.548780488,0.304878049,0.341463415
21,1,2,5,3,9,37,36,25,57,0.109756098,0.451219512,0.43902439,0.304878049
22,1,2,6,2,10,47,25,44,38,0.12195122,0.573170732,0.304878049,0.536585366
23,1,2,7,3,76,4,2,50,32,0.926829268,0.048780488,0.024390244,0.609756098
24,1,2,8,3,11,46,25,15,67,0.134146341,0.56097561,0.304878049,0.182926829
25,1,2,9,3,7,49,26,34,48,0.085365854,0.597560976,0.317073171,0.414634146
26,1,2,10,1,16,35,31,43,39,0.195121951,0.426829268,0.37804878,0.524390244
27,1,2,11,2,70,9,3,37,45,0.853658537,0.109756098,0.036585366,0.451219512
28,1,2,12,1,75,3,4,35,47,0.914634146,0.036585366,0.048780488,0.426829268
29,1,2,13,3,17,45,20,26,56,0.207317073,0.548780488,0.243902439,0.317073171
30,1,2,14,3,54,12,16,20,62,0.658536585,0.146341463,0.195121951,0.243902439
31,1,2,15,1,64,9,9,44,38,0.780487805,0.109756098,0.109756098,0.536585366
32,1,2,16,3,38,15,29,24,58,0.463414634,0.182926829,0.353658537,0.292682927
33,1,3,1,2,67,11,4,49,33,0.817073171,0.134146341,0.048780488,0.597560976
34,1,3,2,1,75,6,1,42,40,0.914634146,0.073170732,0.012195122,0.512195122
35,1,3,3,1,69,9,4,61,21,0.841463415,0.109756098,0.048780488,0.743902439
36,1,3,4,3,66,11,5,42,40,0.804878049,0.134146341,0.06097561,0.512195122
37,1,3,5,3,70,5,7,45,37,0.853658537,0.06097561,0.085365854,0.548780488
38,1,3,6,3,68,9,5,38,44,0.829268293,0.109756098,0.06097561,0.463414634
39,1,3,7,2,64,12,6,40,42,0.780487805,0.146341463,0.073170732,0.487804878
40,1,3,8,3,79,3,0,51,31,0.963414634,0.036585366,0,0.62195122
41,1,3,9,3,74,7,1,51,31,0.902439024,0.085365854,0.012195122,0.62195122
42,1,3,10,3,66,11,5,33,49,0.804878049,0.134146341,0.06097561,0.402439024
43,1,3,11,3,67,8,7,35,47,0.817073171,0.097560976,0.085365854,0.426829268
44,1,3,12,1,72,8,2,41,41,0.87804878,0.097560976,0.024390244,0.5
45,1,3,13,1,73,3,6,51,31,0.890243902,0.036585366,0.073170732,0.62195122
46,1,3,14,3,70,7,5,32,50,0.853658537,0.085365854,0.06097561,0.390243902
47,1,3,15,3,73,7,2,39,43,0.890243902,0.085365854,0.024390244,0.475609756
48,1,3,16,3,62,15,5,26,56,0.756097561,0.182926829,0.06097561,0.317073171
49,1,4,1,3,48,30,4,33,49,0.585365854,0.365853659,0.048780488,0.402439024
50,1,4,2,1,44,18,20,42,40,0.536585366,0.219512195,0.243902439,0.512195122
51,1,4,3,2,58,18,6,52,30,0.707317073,0.219512195,0.073170732,0.634146341
52,1,4,4,3,57,15,10,36,46,0.695121951,0.182926829,0.12195122,0.43902439
53,1,4,5,3,50,27,5,37,45,0.609756098,0.329268293,0.06097561,0.451219512
54,1,4,6,3,40,33,9,24,58,0.487804878,0.402439024,0.109756098,0.292682927
55,1,4,7,1,36,5,41,45,37,0.43902439,0.06097561,0.5,0.548780488
56,1,4,8,3,39,30,13,37,45,0.475609756,0.365853659,0.158536585,0.451219512
57,1,4,9,2,34,35,13,29,53,0.414634146,0.426829268,0.158536585,0.353658537
58,1,4,10,1,52,24,6,32,50,0.634146341,0.292682927,0.073170732,0.390243902
59,1,4,11,3,34,35,13,31,51,0.414634146,0.426829268,0.158536585,0.37804878
60,1,4,12,1,39,34,9,56,26,0.475609756,0.414634146,0.109756098,0.682926829
61,1,4,13,3,31,35,16,23,59,0.37804878,0.426829268,0.195121951,0.280487805
62,1,4,14,3,32,40,10,25,57,0.390243902,0.487804878,0.12195122,0.304878049
63,1,4,15,3,53,19,10,30,52,0.646341463,0.231707317,0.12195122,0.365853659
64,1,4,16,3,14,49,19,23,59,0.170731707,0.597560976,0.231707317,0.280487805
65,1,5,1,3,66,5,11,35,47,0.804878049,0.06097561,0.134146341,0.426829268
66,1,5,2,3,68,10,4,58,24,0.829268293,0.12195122,0.048780488,0.707317073
67,1,5,3,2,61,8,13,45,37,0.743902439,0.097560976,0.158536585,0.548780488
68,1,5,4,3,71,8,3,59,23,0.865853659,0.097560976,0.036585366,0.719512195
69,1,5,5,3,54,20,8,31,51,0.658536585,0.243902439,0.097560976,0.37804878
70,1,5,6,1,73,4,5,60,22,0.890243902,0.048780488,0.06097561,0.731707317
71,1,5,7,1,69,7,6,56,26,0.841463415,0.085365854,0.073170732,0.682926829
72,1,5,8,3,72,5,5,60,22,0.87804878,0.06097561,0.06097561,0.731707317
73,1,5,9,2,40,5,37,33,49,0.487804878,0.06097561,0.451219512,0.402439024
74,1,5,10,3,67,6,9,43,39,0.817073171,0.073170732,0.109756098,0.524390244
75,1,5,11,3,70,3,9,52,30,0.853658537,0.036585366,0.109756098,0.634146341
76,1,5,12,1,69,9,4,50,32,0.841463415,0.109756098,0.048780488,0.609756098
77,1,5,13,3,57,10,15,32,50,0.695121951,0.12195122,0.182926829,0.390243902
78,1,5,14,3,73,7,2,43,39,0.890243902,0.085365854,0.024390244,0.524390244
79,1,5,15,3,73,7,2,51,31,0.890243902,0.085365854,0.024390244,0.62195122
80,1,5,16,1,67,8,7,39,43,0.817073171,0.097560976,0.085365854,0.475609756
81,1,6,1,1,45,20,17,46,36,0.548780488,0.243902439,0.207317073,0.56097561
82,1,6,2,1,55,12,15,55,27,0.670731707,0.146341463,0.182926829,0.670731707
83,1,6,3,3,30,32,20,43,39,0.365853659,0.390243902,0.243902439,0.524390244
84,1,6,4,3,48,16,18,41,41,0.585365854,0.195121951,0.219512195,0.5
85,1,6,5,2,63,5,14,68,14,0.768292683,0.06097561,0.170731707,0.829268293
86,1,6,6,2,63,10,9,72,10,0.768292683,0.12195122,0.109756098,0.87804878
87,1,6,7,3,48,25,9,28,54,0.585365854,0.304878049,0.109756098,0.341463415
88,1,6,8,1,61,8,13,64,18,0.743902439,0.097560976,0.158536585,0.780487805
89,1,6,9,3,50,21,11,40,42,0.609756098,0.256097561,0.134146341,0.487804878
90,1,6,10,3,41,25,16,23,59,0.5,0.304878049,0.195121951,0.280487805
91,1,6,11,3,45,20,17,38,44,0.548780488,0.243902439,0.207317073,0.463414634
92,1,6,12,3,48,19,15,41,41,0.585365854,0.231707317,0.182926829,0.5
93,1,6,13,3,32,32,18,35,47,0.390243902,0.390243902,0.219512195,0.426829268
94,1,6,14,3,44,17,20,29,52,0.543209877,0.209876543,0.24691358,0.358024691
95,1,6,15,3,43,16,23,17,65,0.524390244,0.195121951,0.280487805,0.207317073
96,1,6,16,1,50,16,16,55,27,0.609756098,0.195121951,0.195121951,0.670731707
97,1,7,1,3,47,8,27,23,59,0.573170732,0.097560976,0.329268293,0.280487805
98,1,7,2,3,49,20,13,29,53,0.597560976,0.243902439,0.158536585,0.353658537
99,1,7,3,2,62,7,13,51,31,0.756097561,0.085365854,0.158536585,0.62195122
100,1,7,4,3,51,8,23,32,50,0.62195122,0.097560976,0.280487805,0.390243902
101,1,7,5,1,51,16,15,32,50,0.62195122,0.195121951,0.182926829,0.390243902
102,1,7,6,1,55,10,17,54,28,0.670731707,0.12195122,0.207317073,0.658536585
103,1,7,7,1,53,11,18,48,34,0.646341463,0.134146341,0.219512195,0.585365854
104,1,7,8,3,33,13,36,18,64,0.402439024,0.158536585,0.43902439,0.219512195
105,1,7,9,2,51,10,21,50,32,0.62195122,0.12195122,0.256097561,0.609756098
106,1,7,10,1,55,13,14,70,12,0.670731707,0.158536585,0.170731707,0.853658537
107,1,7,11,3,38,22,22,26,56,0.463414634,0.268292683,0.268292683,0.317073171
108,1,7,12,3,45,18,19,23,59,0.548780488,0.219512195,0.231707317,0.280487805
109,1,7,13,3,40,9,33,21,61,0.487804878,0.109756098,0.402439024,0.256097561
110,1,7,14,3,24,19,39,23,59,0.292682927,0.231707317,0.475609756,0.280487805
111,1,7,15,3,39,14,29,16,66,0.475609756,0.170731707,0.353658537,0.195121951
112,1,7,16,3,31,16,35,18,64,0.37804878,0.195121951,0.426829268,0.219512195
113,1,8,1,3,37,30,15,28,54,0.451219512,0.365853659,0.182926829,0.341463415
114,1,8,2,3,68,9,5,38,44,0.829268293,0.109756098,0.06097561,0.463414634
115,1,8,3,3,43,7,32,22,60,0.524390244,0.085365854,0.390243902,0.268292683
116,1,8,4,1,64,10,8,62,20,0.780487805,0.12195122,0.097560976,0.756097561
117,1,8,5,3,52,18,12,26,56,0.634146341,0.219512195,0.146341463,0.317073171
118,1,8,6,2,61,4,17,37,45,0.743902439,0.048780488,0.207317073,0.451219512
119,1,8,7,2,72,4,6,35,47,0.87804878,0.048780488,0.073170732,0.426829268
120,1,8,8,3,72,6,4,34,48,0.87804878,0.073170732,0.048780488,0.414634146
121,1,8,9,1,51,23,8,56,26,0.62195122,0.280487805,0.097560976,0.682926829
122,1,8,10,3,72,6,4,28,54,0.87804878,0.073170732,0.048780488,0.341463415
123,1,8,11,3,65,8,9,26,56,0.792682927,0.097560976,0.109756098,0.317073171
124,1,8,12,3,69,6,7,33,49,0.841463415,0.073170732,0.085365854,0.402439024
125,1,8,13,1,67,12,3,61,21,0.817073171,0.146341463,0.036585366,0.743902439
126,1,8,14,1,60,9,13,45,37,0.731707317,0.109756098,0.158536585,0.548780488
127,1,8,15,3,68,8,6,33,49,0.829268293,0.097560976,0.073170732,0.402439024
128,1,8,16,3,56,23,3,24,58,0.682926829,0.280487805,0.036585366,0.292682927
129,1,9,1,2,76,1,5,53,29,0.926829268,0.012195122,0.06097561,0.646341463
130,1,9,2,1,77,2,3,51,31,0.93902439,0.024390244,0.036585366,0.62195122
131,1,9,3,2,72,4,6,51,31,0.87804878,0.048780488,0.073170732,0.62195122
132,1,9,4,3,78,3,1,50,32,0.951219512,0.036585366,0.012195122,0.609756098
133,1,9,5,3,74,5,3,40,42,0.902439024,0.06097561,0.036585366,0.487804878
134,1,9,6,3,70,5,7,31,51,0.853658537,0.06097561,0.085365854,0.37804878
135,1,9,7,1,78,3,1,49,33,0.951219512,0.036585366,0.012195122,0.597560976
136,1,9,8,3,71,5,6,39,43,0.865853659,0.06097561,0.073170732,0.475609756
137,1,9,9,3,78,0,4,35,47,0.951219512,0,0.048780488,0.426829268
138,1,9,10,1,77,2,2,47,34,0.950617284,0.024691358,0.024691358,0.580246914
139,1,9,11,1,74,3,5,52,30,0.902439024,0.036585366,0.06097561,0.634146341
140,1,9,12,3,59,7,16,25,57,0.719512195,0.085365854,0.195121951,0.304878049
141,1,9,13,3,68,2,12,26,56,0.829268293,0.024390244,0.146341463,0.317073171
142,1,9,14,3,71,3,8,56,26,0.865853659,0.036585366,0.097560976,0.682926829
143,1,9,15,3,69,4,9,33,49,0.841463415,0.048780488,0.109756098,0.402439024
144,1,9,16,3,68,4,10,29,53,0.829268293,0.048780488,0.12195122,0.353658537
145,1,10,1,3,61,10,11,25,57,0.743902439,0.12195122,0.134146341,0.304878049
146,1,10,2,2,68,5,9,53,29,0.829268293,0.06097561,0.109756098,0.646341463
147,1,10,3,1,20,50,12,43,39,0.243902439,0.609756098,0.146341463,0.524390244
148,1,10,4,3,56,7,19,23,59,0.682926829,0.085365854,0.231707317,0.280487805
149,1,10,5,1,46,19,17,36,46,0.56097561,0.231707317,0.207317073,0.43902439
150,1,10,6,3,14,59,9,27,55,0.170731707,0.719512195,0.109756098,0.329268293
151,1,10,7,1,5,65,12,42,40,0.06097561,0.792682927,0.146341463,0.512195122
152,1,10,8,2,25,11,46,54,28,0.304878049,0.134146341,0.56097561,0.658536585
153,1,10,9,3,57,8,17,21,61,0.695121951,0.097560976,0.207317073,0.256097561
154,1,10,10,3,59,13,10,38,44,0.719512195,0.158536585,0.12195122,0.463414634
155,1,10,11,1,23,28,31,44,38,0.280487805,0.341463415,0.37804878,0.536585366
156,1,10,12,3,62,7,13,30,52,0.756097561,0.085365854,0.158536585,0.365853659
157,1,10,13,3,39,11,32,35,47,0.475609756,0.134146341,0.390243902,0.426829268
158,1,10,14,3,42,11,29,24,58,0.512195122,0.134146341,0.353658537,0.292682927
159,1,10,15,3,33,5,44,19,63,0.402439024,0.06097561,0.536585366,0.231707317
160,1,10,16,3,52,8,22,43,39,0.634146341,0.097560976,0.268292683,0.524390244
161,2,11,1,3,64,11,7,22,60,0.780487805,0.134146341,0.085365854,0.268292683
162,2,11,2,1,21,50,11,36,46,0.256097561,0.609756098,0.134146341,0.43902439
163,2,11,3,3,25,44,13,15,67,0.304878049,0.536585366,0.158536585,0.182926829
164,2,11,4,3,26,46,10,27,55,0.317073171,0.56097561,0.12195122,0.329268293
165,2,11,5,3,67,11,4,35,47,0.817073171,0.134146341,0.048780488,0.426829268
166,2,11,6,2,36,38,8,28,54,0.43902439,0.463414634,0.097560976,0.341463415
167,2,11,7,3,74,3,5,34,48,0.902439024,0.036585366,0.06097561,0.414634146
168,2,11,8,1,32,32,18,31,51,0.390243902,0.390243902,0.219512195,0.37804878
169,2,11,9,1,48,28,6,46,36,0.585365854,0.341463415,0.073170732,0.56097561
170,2,11,10,3,69,11,2,38,44,0.841463415,0.134146341,0.024390244,0.463414634
171,2,11,11,3,41,11,30,20,62,0.5,0.134146341,0.365853659,0.243902439
172,2,11,12,2,58,15,9,45,37,0.707317073,0.182926829,0.109756098,0.548780488
173,2,11,13,3,36,36,10,30,52,0.43902439,0.43902439,0.12195122,0.365853659
174,2,11,14,1,59,21,2,37,45,0.719512195,0.256097561,0.024390244,0.451219512
175,2,11,15,3,5,53,24,26,56,0.06097561,0.646341463,0.292682927,0.317073171
176,2,11,16,3,51,24,7,26,56,0.62195122,0.292682927,0.085365854,0.317073171
177,2,12,1,2,20,41,21,54,28,0.243902439,0.5,0.256097561,0.658536585
178,2,12,2,3,28,36,18,33,49,0.341463415,0.43902439,0.219512195,0.402439024
179,2,12,3,3,16,39,27,25,57,0.195121951,0.475609756,0.329268293,0.304878049
180,2,12,4,3,37,28,17,29,53,0.451219512,0.341463415,0.207317073,0.353658537
181,2,12,5,3,26,36,20,53,29,0.317073171,0.43902439,0.243902439,0.646341463
182,2,12,6,3,5,69,8,37,45,0.06097561,0.841463415,0.097560976,0.451219512
183,2,12,7,3,27,35,20,35,47,0.329268293,0.426829268,0.243902439,0.426829268
184,2,12,8,1,29,33,20,54,28,0.353658537,0.402439024,0.243902439,0.658536585
185,2,12,9,3,38,32,12,41,41,0.463414634,0.390243902,0.146341463,0.5
186,2,12,10,3,20,38,24,34,48,0.243902439,0.463414634,0.292682927,0.414634146
187,2,12,11,1,16,53,13,55,27,0.195121951,0.646341463,0.158536585,0.670731707
188,2,12,12,1,25,44,13,49,33,0.304878049,0.536585366,0.158536585,0.597560976
189,2,12,13,2,26,38,18,39,43,0.317073171,0.463414634,0.219512195,0.475609756
190,2,12,14,1,19,47,16,40,42,0.231707317,0.573170732,0.195121951,0.487804878
191,2,12,15,3,23,39,19,34,47,0.283950617,0.481481481,0.234567901,0.419753086
192,2,12,16,3,28,28,26,21,61,0.341463415,0.341463415,0.317073171,0.256097561
193,2,13,1,3,4,68,10,27,55,0.048780488,0.829268293,0.12195122,0.329268293
194,2,13,2,3,23,56,3,38,44,0.280487805,0.682926829,0.036585366,0.463414634
195,2,13,3,3,13,61,8,47,35,0.158536585,0.743902439,0.097560976,0.573170732
196,2,13,4,3,7,61,14,38,44,0.085365854,0.743902439,0.170731707,0.463414634
197,2,13,5,1,48,26,8,38,44,0.585365854,0.317073171,0.097560976,0.463414634
198,2,13,6,3,2,70,10,42,40,0.024390244,0.853658537,0.12195122,0.512195122
199,2,13,7,3,4,68,10,37,45,0.048780488,0.829268293,0.12195122,0.451219512
200,2,13,8,3,16,58,8,23,59,0.195121951,0.707317073,0.097560976,0.280487805
201,2,13,9,1,7,67,8,54,28,0.085365854,0.817073171,0.097560976,0.658536585
202,2,13,10,2,21,55,6,51,31,0.256097561,0.670731707,0.073170732,0.62195122
203,2,13,11,3,8,65,9,45,37,0.097560976,0.792682927,0.109756098,0.548780488
204,2,13,12,3,7,64,11,33,49,0.085365854,0.780487805,0.134146341,0.402439024
205,2,13,13,3,12,57,13,29,53,0.146341463,0.695121951,0.158536585,0.353658537
206,2,13,14,1,8,58,16,56,26,0.097560976,0.707317073,0.195121951,0.682926829
207,2,13,15,2,3,62,17,52,30,0.036585366,0.756097561,0.207317073,0.634146341
208,2,13,16,1,5,62,15,45,37,0.06097561,0.756097561,0.182926829,0.548780488
209,2,14,1,3,16,45,21,35,47,0.195121951,0.548780488,0.256097561,0.426829268
210,2,14,2,2,6,50,26,39,43,0.073170732,0.609756098,0.317073171,0.475609756
211,2,14,3,3,9,48,25,31,51,0.109756098,0.585365854,0.304878049,0.37804878
212,2,14,4,1,8,48,26,38,44,0.097560976,0.585365854,0.317073171,0.463414634
213,2,14,5,2,17,47,18,40,42,0.207317073,0.573170732,0.219512195,0.487804878
214,2,14,6,3,15,41,26,25,57,0.182926829,0.5,0.317073171,0.304878049
215,2,14,7,3,19,49,14,24,58,0.231707317,0.597560976,0.170731707,0.292682927
216,2,14,8,3,20,47,15,31,51,0.243902439,0.573170732,0.182926829,0.37804878
217,2,14,9,3,14,52,16,38,44,0.170731707,0.634146341,0.195121951,0.463414634
218,2,14,10,3,4,59,19,25,57,0.048780488,0.719512195,0.231707317,0.304878049
219,2,14,11,1,19,50,13,34,48,0.231707317,0.609756098,0.158536585,0.414634146
220,2,14,12,3,10,49,23,22,60,0.12195122,0.597560976,0.280487805,0.268292683
221,2,14,13,1,9,61,12,41,41,0.109756098,0.743902439,0.146341463,0.5
222,2,14,14,3,14,37,31,31,51,0.170731707,0.451219512,0.37804878,0.37804878
223,2,14,15,3,10,44,28,30,52,0.12195122,0.536585366,0.341463415,0.365853659
224,2,14,16,1,15,55,12,49,33,0.182926829,0.670731707,0.146341463,0.597560976
225,2,15,1,2,49,18,15,28,54,0.597560976,0.219512195,0.182926829,0.341463415
226,2,15,2,3,6,19,57,38,44,0.073170732,0.231707317,0.695121951,0.463414634
227,2,15,3,1,7,29,46,48,34,0.085365854,0.353658537,0.56097561,0.585365854
228,2,15,4,3,8,21,53,37,45,0.097560976,0.256097561,0.646341463,0.451219512
229,2,15,5,1,8,44,30,62,20,0.097560976,0.536585366,0.365853659,0.756097561
230,2,15,6,3,10,24,48,32,50,0.12195122,0.292682927,0.585365854,0.390243902
231,2,15,7,1,32,48,2,42,40,0.390243902,0.585365854,0.024390244,0.512195122
232,2,15,8,2,17,30,35,49,33,0.207317073,0.365853659,0.426829268,0.597560976
233,2,15,9,3,12,15,55,26,56,0.146341463,0.182926829,0.670731707,0.317073171
234,2,15,10,1,6,19,57,58,24,0.073170732,0.231707317,0.695121951,0.707317073
235,2,15,11,3,22,26,34,30,52,0.268292683,0.317073171,0.414634146,0.365853659
236,2,15,12,3,10,50,22,39,43,0.12195122,0.609756098,0.268292683,0.475609756
237,2,15,13,3,5,44,33,23,59,0.06097561,0.536585366,0.402439024,0.280487805
238,2,15,14,3,8,23,51,23,59,0.097560976,0.280487805,0.62195122,0.280487805
239,2,15,15,3,9,55,18,19,63,0.109756098,0.670731707,0.219512195,0.231707317
240,2,15,16,3,15,49,18,33,49,0.182926829,0.597560976,0.219512195,0.402439024
241,2,16,1,3,6,71,5,25,57,0.073170732,0.865853659,0.06097561,0.304878049
242,2,16,2,1,9,67,6,50,32,0.109756098,0.817073171,0.073170732,0.609756098
243,2,16,3,3,3,65,14,26,56,0.036585366,0.792682927,0.170731707,0.317073171
244,2,16,4,3,12,63,7,15,67,0.146341463,0.768292683,0.085365854,0.182926829
245,2,16,5,3,4,68,10,28,54,0.048780488,0.829268293,0.12195122,0.341463415
246,2,16,6,3,10,59,13,31,51,0.12195122,0.719512195,0.158536585,0.37804878
247,2,16,7,1,6,65,11,52,30,0.073170732,0.792682927,0.134146341,0.634146341
248,2,16,8,3,17,57,8,48,34,0.207317073,0.695121951,0.097560976,0.585365854
249,2,16,9,1,37,31,14,44,38,0.451219512,0.37804878,0.170731707,0.536585366
250,2,16,10,3,24,48,10,24,58,0.292682927,0.585365854,0.12195122,0.292682927
251,2,16,11,1,12,67,3,49,33,0.146341463,0.817073171,0.036585366,0.597560976
252,2,16,12,3,2,66,14,28,54,0.024390244,0.804878049,0.170731707,0.341463415
253,2,16,13,3,24,46,12,34,48,0.292682927,0.56097561,0.146341463,0.414634146
254,2,16,14,3,9,65,8,28,54,0.109756098,0.792682927,0.097560976,0.341463415
255,2,16,15,2,3,70,9,51,31,0.036585366,0.853658537,0.109756098,0.62195122
256,2,16,16,2,10,65,7,42,40,0.12195122,0.792682927,0.085365854,0.512195122
257,2,17,1,3,33,35,14,30,52,0.402439024,0.426829268,0.170731707,0.365853659
258,2,17,2,3,3,48,31,24,58,0.036585366,0.585365854,0.37804878,0.292682927
259,2,17,3,3,4,50,28,24,58,0.048780488,0.609756098,0.341463415,0.292682927
260,2,17,4,3,21,50,11,20,62,0.256097561,0.609756098,0.134146341,0.243902439
261,2,17,5,1,2,46,34,38,44,0.024390244,0.56097561,0.414634146,0.463414634
262,2,17,6,3,3,67,12,19,63,0.036585366,0.817073171,0.146341463,0.231707317
263,2,17,7,2,2,63,17,53,29,0.024390244,0.768292683,0.207317073,0.646341463
264,2,17,8,1,4,70,8,66,16,0.048780488,0.853658537,0.097560976,0.804878049
265,2,17,9,3,10,54,18,26,56,0.12195122,0.658536585,0.219512195,0.317073171
266,2,17,10,2,3,59,20,40,42,0.036585366,0.719512195,0.243902439,0.487804878
267,2,17,11,3,15,57,10,32,50,0.182926829,0.695121951,0.12195122,0.390243902
268,2,17,12,1,5,63,14,50,32,0.06097561,0.768292683,0.170731707,0.609756098
269,2,17,13,1,3,62,17,46,36,0.036585366,0.756097561,0.207317073,0.56097561
270,2,17,14,3,7,58,17,28,54,0.085365854,0.707317073,0.207317073,0.341463415
271,2,17,15,3,5,62,15,35,47,0.06097561,0.756097561,0.182926829,0.426829268
272,2,17,16,3,5,59,18,28,54,0.06097561,0.719512195,0.219512195,0.341463415
273,2,18,1,3,16,55,11,33,49,0.195121951,0.670731707,0.134146341,0.402439024
274,2,18,2,1,1,61,20,44,38,0.012195122,0.743902439,0.243902439,0.536585366
275,2,18,3,3,50,24,8,30,52,0.609756098,0.292682927,0.097560976,0.365853659
276,2,18,4,3,16,34,32,32,50,0.195121951,0.414634146,0.390243902,0.390243902
277,2,18,5,3,11,40,31,30,52,0.134146341,0.487804878,0.37804878,0.365853659
278,2,18,6,1,6,46,30,44,38,0.073170732,0.56097561,0.365853659,0.536585366
279,2,18,7,1,2,33,47,44,38,0.024390244,0.402439024,0.573170732,0.536585366
280,2,18,8,3,6,48,28,39,43,0.073170732,0.585365854,0.341463415,0.475609756
281,2,18,9,3,19,38,25,25,57,0.231707317,0.463414634,0.304878049,0.304878049
282,2,18,10,3,16,30,36,27,55,0.195121951,0.365853659,0.43902439,0.329268293
283,2,18,11,2,12,33,37,51,31,0.146341463,0.402439024,0.451219512,0.62195122
284,2,18,12,1,5,39,38,46,36,0.06097561,0.475609756,0.463414634,0.56097561
285,2,18,13,2,23,40,19,32,50,0.280487805,0.487804878,0.231707317,0.390243902
286,2,18,14,3,11,19,52,22,60,0.134146341,0.231707317,0.634146341,0.268292683
287,2,18,15,3,26,34,22,30,52,0.317073171,0.414634146,0.268292683,0.365853659
288,2,18,16,3,28,34,20,29,53,0.341463415,0.414634146,0.243902439,0.353658537
289,2,19,1,2,6,57,19,48,34,0.073170732,0.695121951,0.231707317,0.585365854
290,2,19,2,3,30,33,19,27,55,0.365853659,0.402439024,0.231707317,0.329268293
291,2,19,3,3,32,35,15,27,55,0.390243902,0.426829268,0.182926829,0.329268293
292,2,19,4,3,30,38,14,24,58,0.365853659,0.463414634,0.170731707,0.292682927
293,2,19,5,3,10,58,14,38,44,0.12195122,0.707317073,0.170731707,0.463414634
294,2,19,6,3,54,18,10,23,59,0.658536585,0.219512195,0.12195122,0.280487805
295,2,19,7,3,52,20,10,24,58,0.634146341,0.243902439,0.12195122,0.292682927
296,2,19,8,1,13,47,22,57,25,0.158536585,0.573170732,0.268292683,0.695121951
297,2,19,9,1,40,35,7,38,44,0.487804878,0.426829268,0.085365854,0.463414634
298,2,19,10,3,42,34,6,26,56,0.512195122,0.414634146,0.073170732,0.317073171
299,2,19,11,1,24,38,20,67,15,0.292682927,0.463414634,0.243902439,0.817073171
300,2,19,12,3,49,18,15,30,52,0.597560976,0.219512195,0.182926829,0.365853659
301,2,19,13,2,28,35,19,36,46,0.341463415,0.426829268,0.231707317,0.43902439
302,2,19,14,3,4,59,19,23,59,0.048780488,0.719512195,0.231707317,0.280487805
303,2,19,15,3,17,44,21,27,55,0.207317073,0.536585366,0.256097561,0.329268293
304,2,19,16,1,20,47,15,34,48,0.243902439,0.573170732,0.182926829,0.414634146
305,2,20,1,1,10,51,21,40,42,0.12195122,0.62195122,0.256097561,0.487804878
306,2,20,2,3,1,50,31,24,58,0.012195122,0.609756098,0.37804878,0.292682927
307,2,20,3,3,5,46,31,42,40,0.06097561,0.56097561,0.37804878,0.512195122
308,2,20,4,3,2,49,31,46,36,0.024390244,0.597560976,0.37804878,0.56097561
309,2,20,5,3,5,28,49,35,47,0.06097561,0.341463415,0.597560976,0.426829268
310,2,20,6,2,4,60,18,51,31,0.048780488,0.731707317,0.219512195,0.62195122
311,2,20,7,3,7,41,34,21,61,0.085365854,0.5,0.414634146,0.256097561
312,2,20,8,3,0,29,53,24,58,0,0.353658537,0.646341463,0.292682927
313,2,20,9,1,3,54,25,40,42,0.036585366,0.658536585,0.304878049,0.487804878
314,2,20,10,3,1,52,29,36,46,0.012195122,0.634146341,0.353658537,0.43902439
315,2,20,11,2,2,53,27,53,29,0.024390244,0.646341463,0.329268293,0.646341463
316,2,20,12,3,2,57,23,21,61,0.024390244,0.695121951,0.280487805,0.256097561
317,2,20,13,3,3,48,31,25,57,0.036585366,0.585365854,0.37804878,0.304878049
318,2,20,14,1,2,48,32,47,35,0.024390244,0.585365854,0.390243902,0.573170732
319,2,20,15,1,2,45,35,49,33,0.024390244,0.548780488,0.426829268,0.597560976
320,2,20,16,3,0,49,33,38,44,0,0.597560976,0.402439024,0.463414634
321,3,21,1,1,17,40,25,42,40,0.207317073,0.487804878,0.304878049,0.512195122
322,3,21,2,2,28,32,22,46,36,0.341463415,0.390243902,0.268292683,0.56097561
323,3,21,3,3,11,51,20,27,55,0.134146341,0.62195122,0.243902439,0.329268293
324,3,21,4,3,17,42,23,31,51,0.207317073,0.512195122,0.280487805,0.37804878
325,3,21,5,3,17,45,20,27,55,0.207317073,0.548780488,0.243902439,0.329268293
326,3,21,6,2,21,41,20,37,45,0.256097561,0.5,0.243902439,0.451219512
327,3,21,7,3,14,51,17,36,46,0.170731707,0.62195122,0.207317073,0.43902439
328,3,21,8,3,16,53,13,39,43,0.195121951,0.646341463,0.158536585,0.475609756
329,3,21,9,1,30,29,23,53,29,0.365853659,0.353658537,0.280487805,0.646341463
330,3,21,10,3,18,43,21,32,50,0.219512195,0.524390244,0.256097561,0.390243902
331,3,21,11,1,24,30,28,43,39,0.292682927,0.365853659,0.341463415,0.524390244
332,3,21,12,3,19,46,17,25,57,0.231707317,0.56097561,0.207317073,0.304878049
333,3,21,13,3,22,43,17,37,45,0.268292683,0.524390244,0.207317073,0.451219512
334,3,21,14,3,17,43,22,30,52,0.207317073,0.524390244,0.268292683,0.365853659
335,3,21,15,3,12,46,24,31,51,0.146341463,0.56097561,0.292682927,0.37804878
336,3,21,16,1,20,34,28,34,48,0.243902439,0.414634146,0.341463415,0.414634146
337,3,22,1,3,9,6,67,20,62,0.109756098,0.073170732,0.817073171,0.243902439
338,3,22,2,1,11,2,69,42,40,0.134146341,0.024390244,0.841463415,0.512195122
339,3,22,3,1,36,5,41,32,50,0.43902439,0.06097561,0.5,0.390243902
340,3,22,4,3,18,17,47,21,61,0.219512195,0.207317073,0.573170732,0.256097561
341,3,22,5,3,17,5,60,22,60,0.207317073,0.06097561,0.731707317,0.268292683
342,3,22,6,3,23,8,51,19,63,0.280487805,0.097560976,0.62195122,0.231707317
343,3,22,7,3,23,4,55,20,62,0.280487805,0.048780488,0.670731707,0.243902439
344,3,22,8,2,21,3,58,49,33,0.256097561,0.036585366,0.707317073,0.597560976
345,3,22,9,3,24,29,29,11,71,0.292682927,0.353658537,0.353658537,0.134146341
346,3,22,10,3,48,8,26,30,52,0.585365854,0.097560976,0.317073171,0.365853659
347,3,22,11,3,24,5,53,15,67,0.292682927,0.06097561,0.646341463,0.182926829
348,3,22,12,3,29,6,47,19,63,0.353658537,0.073170732,0.573170732,0.231707317
349,3,22,13,2,8,6,68,50,32,0.097560976,0.073170732,0.829268293,0.609756098
350,3,22,14,3,16,23,43,16,66,0.195121951,0.280487805,0.524390244,0.195121951
351,3,22,15,1,13,9,60,40,42,0.158536585,0.109756098,0.731707317,0.487804878
352,3,22,16,1,6,9,67,47,35,0.073170732,0.109756098,0.817073171,0.573170732
353,3,23,1,3,8,11,63,22,60,0.097560976,0.134146341,0.768292683,0.268292683
354,3,23,2,3,6,11,65,17,65,0.073170732,0.134146341,0.792682927,0.207317073
355,3,23,3,3,6,7,69,21,61,0.073170732,0.085365854,0.841463415,0.256097561
356,3,23,4,2,6,29,47,42,40,0.073170732,0.353658537,0.573170732,0.512195122
357,3,23,5,3,4,33,45,21,61,0.048780488,0.402439024,0.548780488,0.256097561
358,3,23,6,3,11,19,52,17,65,0.134146341,0.231707317,0.634146341,0.207317073
359,3,23,7,1,1,11,70,51,31,0.012195122,0.134146341,0.853658537,0.62195122
360,3,23,8,3,8,7,67,24,58,0.097560976,0.085365854,0.817073171,0.292682927
361,3,23,9,3,7,8,67,24,58,0.085365854,0.097560976,0.817073171,0.292682927
362,3,23,10,1,7,2,73,75,7,0.085365854,0.024390244,0.890243902,0.914634146
363,3,23,11,3,44,14,24,15,67,0.536585366,0.170731707,0.292682927,0.182926829
364,3,23,12,3,13,46,23,18,64,0.158536585,0.56097561,0.280487805,0.219512195
365,3,23,13,1,5,5,72,71,11,0.06097561,0.06097561,0.87804878,0.865853659
366,3,23,14,3,4,12,66,21,61,0.048780488,0.146341463,0.804878049,0.256097561
367,3,23,15,2,5,23,54,64,18,0.06097561,0.280487805,0.658536585,0.780487805
368,3,23,16,1,22,23,37,36,46,0.268292683,0.280487805,0.451219512,0.43902439
369,3,24,1,3,14,4,64,21,61,0.170731707,0.048780488,0.780487805,0.256097561
370,3,24,2,3,15,6,61,26,56,0.182926829,0.073170732,0.743902439,0.317073171
371,3,24,3,1,44,6,31,38,43,0.543209877,0.074074074,0.382716049,0.469135802
372,3,24,4,3,15,3,65,35,48,0.180722892,0.036144578,0.78313253,0.421686747
373,3,24,5,3,11,0,71,20,62,0.134146341,0,0.865853659,0.243902439
374,3,24,6,3,19,24,39,25,57,0.231707317,0.292682927,0.475609756,0.304878049
375,3,24,7,3,10,3,69,18,64,0.12195122,0.036585366,0.841463415,0.219512195
376,3,24,8,2,19,3,60,46,36,0.231707317,0.036585366,0.731707317,0.56097561
377,3,24,9,3,13,8,61,36,46,0.158536585,0.097560976,0.743902439,0.43902439
378,3,24,10,1,15,3,64,51,31,0.182926829,0.036585366,0.780487805,0.62195122
379,3,24,11,1,9,3,70,46,36,0.109756098,0.036585366,0.853658537,0.56097561
380,3,24,12,2,10,49,23,41,41,0.12195122,0.597560976,0.280487805,0.5
381,3,24,13,3,27,3,52,14,68,0.329268293,0.036585366,0.634146341,0.170731707
382,3,24,14,3,16,3,63,20,62,0.195121951,0.036585366,0.768292683,0.243902439
383,3,24,15,1,13,6,63,52,30,0.158536585,0.073170732,0.768292683,0.634146341
384,3,24,16,3,11,2,69,18,64,0.134146341,0.024390244,0.841463415,0.219512195
385,3,25,1,2,10,12,60,49,33,0.12195122,0.146341463,0.731707317,0.597560976
386,3,25,2,3,10,33,39,18,64,0.12195122,0.402439024,0.475609756,0.219512195
387,3,25,3,3,14,55,13,32,50,0.170731707,0.670731707,0.158536585,0.390243902
388,3,25,4,3,24,12,46,24,58,0.292682927,0.146341463,0.56097561,0.292682927
389,3,25,5,1,4,19,59,51,31,0.048780488,0.231707317,0.719512195,0.62195122
390,3,25,6,3,2,22,58,32,50,0.024390244,0.268292683,0.707317073,0.390243902
391,3,25,7,1,8,34,40,39,43,0.097560976,0.414634146,0.487804878,0.475609756
392,3,25,8,3,55,8,19,19,63,0.670731707,0.097560976,0.231707317,0.231707317
393,3,25,9,1,7,26,49,40,42,0.085365854,0.317073171,0.597560976,0.487804878
394,3,25,10,3,0,45,37,15,67,0,0.548780488,0.451219512,0.182926829
395,3,25,11,3,54,16,12,19,63,0.658536585,0.195121951,0.146341463,0.231707317
396,3,25,12,2,7,26,49,44,38,0.085365854,0.317073171,0.597560976,0.536585366
397,3,25,13,3,10,37,35,43,39,0.12195122,0.451219512,0.426829268,0.524390244
398,3,25,14,1,2,31,49,46,36,0.024390244,0.37804878,0.597560976,0.56097561
399,3,25,15,3,4,19,59,29,53,0.048780488,0.231707317,0.719512195,0.353658537
400,3,25,16,3,27,19,36,19,63,0.329268293,0.231707317,0.43902439,0.231707317
401,3,26,1,3,6,17,59,21,61,0.073170732,0.207317073,0.719512195,0.256097561
402,3,26,2,2,16,15,51,41,41,0.195121951,0.182926829,0.62195122,0.5
403,3,26,3,3,10,19,53,19,63,0.12195122,0.231707317,0.646341463,0.231707317
404,3,26,4,1,25,24,33,34,48,0.304878049,0.292682927,0.402439024,0.414634146
405,3,26,5,3,6,17,59,13,69,0.073170732,0.207317073,0.719512195,0.158536585
406,3,26,6,3,6,31,45,32,50,0.073170732,0.37804878,0.548780488,0.390243902
407,3,26,7,1,9,32,41,49,33,0.109756098,0.390243902,0.5,0.597560976
408,3,26,8,2,2,25,55,32,50,0.024390244,0.304878049,0.670731707,0.390243902
409,3,26,9,3,1,41,40,29,53,0.012195122,0.5,0.487804878,0.353658537
410,3,26,10,1,4,20,58,49,33,0.048780488,0.243902439,0.707317073,0.597560976
411,3,26,11,3,5,34,43,31,51,0.06097561,0.414634146,0.524390244,0.37804878
412,3,26,12,3,4,21,57,23,59,0.048780488,0.256097561,0.695121951,0.280487805
413,3,26,13,1,1,13,68,46,36,0.012195122,0.158536585,0.829268293,0.56097561
414,3,26,14,3,3,26,53,28,54,0.036585366,0.317073171,0.646341463,0.341463415
415,3,26,15,3,7,21,54,28,54,0.085365854,0.256097561,0.658536585,0.341463415
416,3,26,16,3,3,26,53,31,51,0.036585366,0.317073171,0.646341463,0.37804878
417,3,27,1,3,14,25,43,31,51,0.170731707,0.304878049,0.524390244,0.37804878
418,3,27,2,3,3,18,61,18,64,0.036585366,0.219512195,0.743902439,0.219512195
419,3,27,3,2,1,16,65,52,30,0.012195122,0.195121951,0.792682927,0.634146341
420,3,27,4,3,22,6,54,14,68,0.268292683,0.073170732,0.658536585,0.170731707
421,3,27,5,3,31,38,13,19,63,0.37804878,0.463414634,0.158536585,0.231707317
422,3,27,6,1,6,15,61,41,41,0.073170732,0.182926829,0.743902439,0.5
423,3,27,7,3,6,16,60,24,58,0.073170732,0.195121951,0.731707317,0.292682927
424,3,27,8,3,5,13,64,22,60,0.06097561,0.158536585,0.780487805,0.268292683
425,3,27,9,2,1,9,72,48,34,0.012195122,0.109756098,0.87804878,0.585365854
426,3,27,10,1,3,9,70,44,38,0.036585366,0.109756098,0.853658537,0.536585366
427,3,27,11,1,3,6,73,53,29,0.036585366,0.073170732,0.890243902,0.646341463
428,3,27,12,3,16,22,44,22,60,0.195121951,0.268292683,0.536585366,0.268292683
429,3,27,13,1,1,12,69,51,31,0.012195122,0.146341463,0.841463415,0.62195122
430,3,27,14,3,3,6,73,23,59,0.036585366,0.073170732,0.890243902,0.280487805
431,3,27,15,3,2,22,58,32,50,0.024390244,0.268292683,0.707317073,0.390243902
432,3,27,16,3,4,8,70,33,49,0.048780488,0.097560976,0.853658537,0.402439024
433,3,28,1,3,7,12,63,23,59,0.085365854,0.146341463,0.768292683,0.280487805
434,3,28,2,3,24,11,47,29,53,0.292682927,0.134146341,0.573170732,0.353658537
435,3,28,3,3,24,1,57,32,50,0.292682927,0.012195122,0.695121951,0.390243902
436,3,28,4,3,3,0,79,25,57,0.036585366,0,0.963414634,0.304878049
437,3,28,5,1,6,18,58,40,42,0.073170732,0.219512195,0.707317073,0.487804878
438,3,28,6,3,19,9,54,30,52,0.231707317,0.109756098,0.658536585,0.365853659
439,3,28,7,3,5,4,73,26,56,0.06097561,0.048780488,0.890243902,0.317073171
440,3,28,8,1,2,5,75,56,26,0.024390244,0.06097561,0.914634146,0.682926829
441,3,28,9,1,2,2,78,65,17,0.024390244,0.024390244,0.951219512,0.792682927
442,3,28,10,3,6,18,58,31,51,0.073170732,0.219512195,0.707317073,0.37804878
443,3,28,11,3,5,19,58,28,54,0.06097561,0.231707317,0.707317073,0.341463415
444,3,28,12,1,3,2,77,45,37,0.036585366,0.024390244,0.93902439,0.548780488
445,3,28,13,3,2,4,76,20,62,0.024390244,0.048780488,0.926829268,0.243902439
446,3,28,14,2,1,0,81,74,8,0.012195122,0,0.987804878,0.902439024
447,3,28,15,2,1,0,81,70,12,0.012195122,0,0.987804878,0.853658537
448,3,28,16,3,19,4,59,22,60,0.231707317,0.048780488,0.719512195,0.268292683
449,3,29,1,3,2,53,27,31,51,0.024390244,0.646341463,0.329268293,0.37804878
450,3,29,2,1,3,37,42,45,37,0.036585366,0.451219512,0.512195122,0.548780488
451,3,29,3,1,8,27,47,53,29,0.097560976,0.329268293,0.573170732,0.646341463
452,3,29,4,1,10,9,63,50,32,0.12195122,0.109756098,0.768292683,0.609756098
453,3,29,5,3,3,21,58,15,67,0.036585366,0.256097561,0.707317073,0.182926829
454,3,29,6,2,5,40,37,58,24,0.06097561,0.487804878,0.451219512,0.707317073
455,3,29,7,3,3,38,41,22,60,0.036585366,0.463414634,0.5,0.268292683
456,3,29,8,3,7,18,57,29,53,0.085365854,0.219512195,0.695121951,0.353658537
457,3,29,9,3,3,39,40,26,56,0.036585366,0.475609756,0.487804878,0.317073171
458,3,29,10,3,46,8,28,33,49,0.56097561,0.097560976,0.341463415,0.402439024
459,3,29,11,1,30,21,31,34,48,0.365853659,0.256097561,0.37804878,0.414634146
460,3,29,12,3,7,17,58,31,51,0.085365854,0.207317073,0.707317073,0.37804878
461,3,29,13,3,4,37,41,28,54,0.048780488,0.451219512,0.5,0.341463415
462,3,29,14,3,4,13,65,24,58,0.048780488,0.158536585,0.792682927,0.292682927
463,3,29,15,2,22,9,51,48,34,0.268292683,0.109756098,0.62195122,0.585365854
464,3,29,16,3,29,18,35,25,57,0.353658537,0.219512195,0.426829268,0.304878049
465,3,30,1,1,3,27,51,50,31,0.037037037,0.333333333,0.62962963,0.617283951
466,3,30,2,2,8,41,33,43,39,0.097560976,0.5,0.402439024,0.524390244
467,3,30,3,3,2,26,54,27,55,0.024390244,0.317073171,0.658536585,0.329268293
468,3,30,4,3,8,50,24,36,46,0.097560976,0.609756098,0.292682927,0.43902439
469,3,30,5,2,4,40,38,31,51,0.048780488,0.487804878,0.463414634,0.37804878
470,3,30,6,3,4,55,23,20,62,0.048780488,0.670731707,0.280487805,0.243902439
471,3,30,7,3,2,39,41,28,54,0.024390244,0.475609756,0.5,0.341463415
472,3,30,8,3,2,40,40,27,55,0.024390244,0.487804878,0.487804878,0.329268293
473,3,30,9,1,9,35,38,44,38,0.109756098,0.426829268,0.463414634,0.536585366
474,3,30,10,1,8,47,26,45,36,0.098765432,0.580246914,0.320987654,0.555555556
475,3,30,11,3,2,36,44,22,60,0.024390244,0.43902439,0.536585366,0.268292683
476,3,30,12,1,2,30,50,47,35,0.024390244,0.365853659,0.609756098,0.573170732
477,3,30,13,3,6,33,43,41,41,0.073170732,0.402439024,0.524390244,0.5
478,3,30,14,3,11,36,35,29,53,0.134146341,0.43902439,0.426829268,0.353658537
479,3,30,15,3,4,48,30,49,33,0.048780488,0.585365854,0.365853659,0.597560976
480,3,30,16,3,11,37,34,26,56,0.134146341,0.451219512,0.414634146,0.317073171
501,1,1,17,4,56,20,6,20,62,0.682926829,0.243902439,0.073170732,0.243902439
502,1,1,18,4,50,13,19,35,47,0.609756098,0.158536585,0.231707317,0.426829268
503,1,2,17,4,11,49,22,31,51,0.134146341,0.597560976,0.268292683,0.37804878
504,1,2,18,4,67,9,6,31,51,0.817073171,0.109756098,0.073170732,0.37804878
505,1,3,17,4,70,10,2,37,45,0.853658537,0.12195122,0.024390244,0.451219512
506,1,3,18,4,62,5,15,26,56,0.756097561,0.06097561,0.182926829,0.317073171
507,1,4,17,4,65,12,5,47,35,0.792682927,0.146341463,0.06097561,0.573170732
508,1,4,18,4,28,38,16,33,49,0.341463415,0.463414634,0.195121951,0.402439024
509,1,5,17,4,64,8,10,38,44,0.780487805,0.097560976,0.12195122,0.463414634
510,1,5,18,4,39,3,40,21,61,0.475609756,0.036585366,0.487804878,0.256097561
511,1,6,17,4,62,7,13,44,38,0.756097561,0.085365854,0.158536585,0.536585366
512,1,6,18,4,60,13,9,60,22,0.731707317,0.158536585,0.109756098,0.731707317
513,1,7,17,4,45,16,21,20,62,0.548780488,0.195121951,0.256097561,0.243902439
514,1,7,18,4,50,15,17,20,62,0.609756098,0.182926829,0.207317073,0.243902439
515,1,8,17,4,66,5,11,36,46,0.804878049,0.06097561,0.134146341,0.43902439
516,1,8,18,4,72,4,6,33,49,0.87804878,0.048780488,0.073170732,0.402439024
517,1,9,17,4,74,4,4,33,49,0.902439024,0.048780488,0.048780488,0.402439024
518,1,9,18,4,61,4,17,30,52,0.743902439,0.048780488,0.207317073,0.365853659
519,1,10,17,4,68,6,8,32,50,0.829268293,0.073170732,0.097560976,0.390243902
520,1,10,18,4,24,7,51,44,38,0.292682927,0.085365854,0.62195122,0.536585366
601,2,11,17,4,45,30,7,33,49,0.548780488,0.365853659,0.085365854,0.402439024
602,2,11,18,4,62,13,7,26,56,0.756097561,0.158536585,0.085365854,0.317073171
603,2,12,17,4,19,49,14,24,58,0.231707317,0.597560976,0.170731707,0.292682927
604,2,12,18,4,28,35,19,28,54,0.341463415,0.426829268,0.231707317,0.341463415
605,2,13,17,4,48,32,2,40,42,0.585365854,0.390243902,0.024390244,0.487804878
606,2,13,18,4,4,64,14,39,43,0.048780488,0.780487805,0.170731707,0.475609756
607,2,14,17,4,17,36,29,31,51,0.207317073,0.43902439,0.353658537,0.37804878
608,2,14,18,4,22,44,16,27,55,0.268292683,0.536585366,0.195121951,0.329268293
609,2,15,17,4,54,10,18,25,57,0.658536585,0.12195122,0.219512195,0.304878049
610,2,15,18,4,24,25,33,31,51,0.292682927,0.304878049,0.402439024,0.37804878
611,2,16,17,4,9,68,5,34,48,0.109756098,0.829268293,0.06097561,0.414634146
612,2,16,18,4,12,63,7,34,48,0.146341463,0.768292683,0.085365854,0.414634146
613,2,17,17,4,5,64,13,30,52,0.06097561,0.780487805,0.158536585,0.365853659
614,2,17,18,4,5,54,23,27,55,0.06097561,0.658536585,0.280487805,0.329268293
615,2,18,17,4,9,38,35,36,46,0.109756098,0.463414634,0.426829268,0.43902439
616,2,18,18,4,26,31,25,27,55,0.317073171,0.37804878,0.304878049,0.329268293
617,2,19,17,4,11,60,11,36,46,0.134146341,0.731707317,0.134146341,0.43902439
618,2,19,18,4,26,38,18,27,55,0.317073171,0.463414634,0.219512195,0.329268293
619,2,20,17,4,2,52,28,44,38,0.024390244,0.634146341,0.341463415,0.536585366
620,2,20,18,4,5,58,19,28,54,0.06097561,0.707317073,0.231707317,0.341463415
701,3,21,17,4,31,36,15,37,45,0.37804878,0.43902439,0.182926829,0.451219512
702,3,21,18,4,23,41,18,41,41,0.280487805,0.5,0.219512195,0.5
703,3,22,17,4,16,3,63,33,49,0.195121951,0.036585366,0.768292683,0.402439024
704,3,22,18,4,12,5,65,33,49,0.146341463,0.06097561,0.792682927,0.402439024
705,3,23,17,4,8,19,55,27,55,0.097560976,0.231707317,0.670731707,0.329268293
706,3,23,18,4,7,18,57,43,39,0.085365854,0.219512195,0.695121951,0.524390244
707,3,24,17,4,18,3,61,32,50,0.219512195,0.036585366,0.743902439,0.390243902
708,3,24,18,4,21,23,38,17,65,0.256097561,0.280487805,0.463414634,0.207317073
709,3,25,17,4,19,20,43,45,37,0.231707317,0.243902439,0.524390244,0.548780488
710,3,25,18,4,10,17,55,42,40,0.12195122,0.207317073,0.670731707,0.512195122
711,3,26,17,4,13,19,50,24,58,0.158536585,0.231707317,0.609756098,0.292682927
712,3,26,18,4,11,38,33,26,56,0.134146341,0.463414634,0.402439024,0.317073171
713,3,27,17,4,5,41,36,34,48,0.06097561,0.5,0.43902439,0.414634146
714,3,27,18,4,1,6,75,35,47,0.012195122,0.073170732,0.914634146,0.426829268
715,3,28,17,4,1,0,81,67,15,0.012195122,0,0.987804878,0.817073171
716,3,28,18,4,1,0,81,57,25,0.012195122,0,0.987804878,0.695121951
717,3,29,17,4,2,44,36,40,42,0.024390244,0.536585366,0.43902439,0.487804878
718,3,29,18,4,25,9,48,27,55,0.304878049,0.109756098,0.585365854,0.329268293
719,3,30,17,4,16,46,20,23,59,0.195121951,0.56097561,0.243902439,0.280487805
720,3,30,18,4,6,36,40,30,52,0.073170732,0.43902439,0.487804878,0.365853659
